"Coefficient of variation","Genes"
0.588600609417891,"CAMK2N1"
0.511497295409748,"AKR1C1"
0.460720619016946,"AQP2"
0.419646853908838,"GDF15"
0.419321646292709,"REN"
